feature,term_index,importance,importance_share,importance_share_main,is_categorical,std_ratio,flat_range,n_pts,trimmed,monotonicity_index,spearman_rho,lin_r2,curvature,lin_resid_ratio,roughness,osc_rate
action_type,9,0.4503340600895959,0.1550961115850729,0.1941645691661345,True,0.8105738881202337,3.6686653749806077,49,0,,,,,,,
shot_dist_calc,33,0.2376198885431276,0.08183684960667921,0.10245141856492498,False,0.2343795423699568,1.0367604693165182,248,6,0.8538970364472274,-0.46452586186177175,0.4055659490445105,0.007904137103615106,0.18070557092947248,1.019989737524499,0.16129032258064516
score_margin_at_shot,28,0.2327763184780656,0.08016871266156003,0.10036308064369015,False,0.34109805821947026,1.0603421170101062,75,2,0.7082648824396768,0.9638406827880511,0.8710503506179337,0.022583830822294385,0.12248681161047423,1.327268491888547,0.14893617021276595
close_def_dist,7,0.22417073572731439,0.07720492968165496,0.09665272556441701,False,0.2553946461156642,0.9265406646660307,159,4,0.19701148215403055,0.9775420610562314,0.7363310358367599,0.012099615146111,0.13114184681318777,2.540227145910083,0.20689655172413793
touch_time,4,0.10844010800305975,0.03734702875415146,0.046754684392635464,False,0.3525667319272454,2.087767737411215,161,4,0.537643966869664,-0.5259949390384173,0.013367797343444544,0.029207211888304965,0.3502022831624071,1.9322158547772113,0.21875
is_catch_and_shoot,43,0.086632755022052,0.029836524994687787,0.03735229698412194,False,0.08216708236433536,0.1643341647286707,2,0,0.9999999999942285,0.9999999999999999,1.0,0.0,6.581148542222623e-18,0.8915013935184568,0.0
shot_distance_log,5,0.0684067009734078,0.023559429027481378,0.029494010779321855,False,0.062319372156990384,0.2839929268543351,238,6,0.4439877835990919,-0.9293658176260566,0.7596505356777461,0.00336260927324641,0.030552351973083588,1.2622158879904404,0.4117647058823529
action_type_target_enc,49,0.06343499615401212,0.021847162170997938,0.027350426694016158,False,0.06964667360495942,0.23492221339805905,248,6,0.5114823620884933,0.6584257645183784,0.7278017885698003,0.004970699835469064,0.03633649327217081,9.330059319138536,0.35555555555555557
height_adv_over_dist,56,0.05517567269214483,0.01900263170620449,0.023789363643936953,False,0.08776705640833898,0.5064615516087627,248,6,0.9479439895838023,0.6230449584621264,0.4910142449386038,0.0028731083700614894,0.06261585958401462,0.9163397117114896,0.10526315789473684
position,23,0.05129425857979308,0.01766586353868588,0.022115865754991592,True,0.10308078222935946,0.4937024609065835,20,0,,,,,,,
team_rolling_fg_last_10,41,0.04155633257972689,0.014312098875153738,0.01791729324195899,False,0.07250574419724908,0.20718243368005135,27,2,0.8190236293986378,-0.9865689865689865,0.945532383330292,0.013432683714748025,0.016921606852298706,1.0305281244157651,0.1111111111111111
shot_zone_range,13,0.041396435623075344,0.014257029986458069,0.017848352590005976,True,0.04967915168402542,0.12417131923850115,5,0,,,,,,,
shot_distance,14,0.039144187521093506,0.013481350432322755,0.016877280621144585,False,0.03098765984517701,0.19631135032360245,30,2,0.7131047667004657,-0.3228031145717464,0.18465991370541143,0.01021482088707984,0.027980674381953764,1.1471891990482834,0.2
dribbles,3,0.031097813982898775,0.010710160423095515,0.013408032367786768,False,0.08995266007523041,0.3424488262829355,23,2,0.6593888633725192,0.7727272727272727,0.7303401370946234,0.0174859392465596,0.046711322737507374,1.4978951834250729,0.1
dist_x_angle,38,0.03100694245544599,0.010678864054886281,0.013368852495463036,False,0.030116680611744433,0.20034666320071162,248,6,0.11021368339390789,0.03351852019412287,0.005293582647983844,0.002073775923484989,0.030036862271385297,1.3347054376928074,0.3333333333333333
defender_weight_lb,52,0.028085278521721838,0.009672636110704555,0.012109157373075623,False,0.03341175518702726,0.14941468330876337,122,4,0.999999999991567,-0.9747720329601023,0.9029754357160478,0.002450244994707133,0.010407349544373282,0.6638510912096935,0.0
weight_lb,22,0.02785365030729229,0.009592862807783011,0.012009289305240632,False,0.036549763309005764,0.24037061709732588,96,2,0.3609901609349531,-0.23140260444926752,0.09731900651569567,0.009694174838745082,0.03472575668954353,2.348707225766255,0.6428571428571429
season_game_no,19,0.026782461943596368,0.009223943010885213,0.011547439213130312,False,0.03607400767668939,0.20508817097837356,43,2,0.26458866430458455,-0.7996073693748112,0.3856570371544185,0.011327424284589382,0.02827481924884135,3.561703319066266,0.42857142857142855
age_at_season,26,0.022028489151138426,0.007586663577602366,0.00949773176064165,False,0.04837780966673506,0.2736192267590465,185,4,0.203403394713978,0.24767729683395726,0.1075555792338972,0.005953787266753467,0.045702166792096904,3.616231727596611,0.3
player_prior_attempts,39,0.020900034917546585,0.007198021280155472,0.00901119110225692,False,0.028932267422592316,0.12639363409856355,248,6,0.8934571600666361,0.9448740192050785,0.7011167394664084,0.0010518712934768147,0.015817333326084336,0.7931660897994023,0.25
dist_to_sideline,35,0.02080060501875669,0.0071637773886884535,0.00896832123037352,False,0.018909376317689013,0.14800020408113856,222,6,0.6447589734231249,0.7912960120462474,0.408429792127931,0.0018160051736301804,0.014543882326249714,0.8304434296448314,0.8
shot_zone_area,12,0.020245571477070397,0.006972622528899014,0.008729014773134128,True,0.16353555588289584,0.4631530620133537,6,0,,,,,,,
player_rolling_fg_last_5,40,0.020069126871986708,0.0069118545910859175,0.008652939490884885,False,0.02029985302481532,0.05757298720608206,9,2,0.9999999999823147,-0.8333333333333333,0.8796078090930185,0.012379867495307924,0.007043557307929017,0.7222689446969909,0.0
height_in,21,0.019855654087041742,0.006838334060865278,0.008560899258997279,False,0.020546326281005733,0.08675397081719753,38,2,0.26966405667572685,0.5424007002954371,0.12408525873789135,0.007528733973636926,0.019229371872408994,3.5690913235901442,0.3333333333333333
offensive_time_consumed,47,0.019379435730802603,0.006674323336685475,0.00835557450086155,False,0.03197516692491591,0.18923157645652017,229,6,0.08822592493378335,-0.37779388278663273,0.21396468627344506,0.001778671685339225,0.028348745772181744,2.9893264795129344,0.1875
shot_zone_basic,11,0.01840803644809174,0.006339771134449185,0.007936749144462076,True,0.023107379434289112,0.06516167378311974,6,0,,,,,,,
shot_clock,2,0.018299264885668912,0.006302309952011736,0.007889851551259479,False,0.027988957391010948,0.1569466807742722,229,6,0.0011438132607382218,0.507237745400894,0.2661344219533403,0.0018577256314119383,0.023977007536395256,4.319504417293295,0.07692307692307693
PTS_TYPE,6,0.017153180951510822,0.005907595944142383,0.00739570972849848,False,0.01877638955062121,0.03755277910124242,2,0,0.9999999999747438,-0.9999999999999999,0.9999999999999998,0.0,1.8920802058890042e-17,0.6524928889217053,0.0
shot_type,10,0.016550791999698417,0.005700131769504284,0.007135985666596911,True,0.018118668318013238,0.036237336636026476,2,0,,,,,,,
dist_to_baseline,36,0.016403358917341238,0.005649355468488876,0.007072418898160561,False,0.020412342816844828,0.1251570679903956,203,6,0.34729990254994925,-0.1667486132738674,0.0023061147446418813,0.0034826145953411464,0.02038879262927805,2.9760145951633783,0.25
loc_y,16,0.015891199998465225,0.005472966729836773,0.006851598123892744,False,0.022672661414595837,0.1394965045793863,203,6,0.3771438210810149,-0.03839334385326374,0.05997952128871281,0.003618482660850044,0.02198220025740133,2.78048841898474,0.21052631578947367
seconds_remaining,8,0.015295299299726782,0.005267737124848039,0.006594671516091129,False,0.01866687982694592,0.13069792329429802,248,6,0.12166911357443712,-0.36375362469373923,0.18511378369963033,0.00172192801884774,0.016850788106569925,3.4150391133819404,0.25
defender_height_in,51,0.015144300761692864,0.005215732872494948,0.006529567477377649,False,0.021241888185397136,0.08727041505034581,44,2,0.9999999999811632,-0.9873150105708244,0.8510666555834079,0.002592981826649496,0.008197644664892556,0.4766578666468741,0.0
shot_angle_rad,29,0.013645411448730403,0.0046995118607183846,0.005883311234576077,False,0.016483398065525186,0.064927284190703,248,6,0.5723162684970318,-0.15614794371542323,0.01642747301339022,0.0009587462768496412,0.016347447132481048,2.287110340670508,0.25
shot_angle_deg,30,0.013622507567904035,0.0046916237101848205,0.0058734360717869255,False,0.016243994365231787,0.06074057814367531,248,6,0.5629375372282921,-0.23775358354057038,0.04471645022548804,0.0009510855599576234,0.015876653979472907,2.8054528254662503,0.25
weight_diff,54,0.013520326915662111,0.0046564324527462965,0.00582938019398874,False,0.021578968392641822,0.1748758591120499,238,6,0.2681385747083696,-0.25878161406041295,0.01331993406981772,0.0026772641261946896,0.021434771391152383,1.8454785328609336,0.3
shot_dist_error,34,0.013262113403126575,0.004567503110504189,0.005718049695459799,False,0.016531982565047523,0.12407146142509534,248,6,0.012274720755129875,-0.4098596776784165,0.18896394765817065,0.002096912258043719,0.014888296822845115,2.8154585667549727,0.375
player_id_target_enc,50,0.011967885557972714,0.004121767990561106,0.00516003462569777,False,0.013389682812581648,0.11481666130050609,248,6,0.7054011036033284,0.6386417139618854,0.21548436083197087,0.0015502862911066291,0.011859628687840015,1.5065384609813512,0.6666666666666666
offensive_time_consumed_filled,48,0.01187023900356362,0.004088138287101595,0.005117933654779365,False,0.01418522882663487,0.05252243347469384,226,6,0.999999999959971,-0.7627962970607387,0.5310275436394654,0.0006153447095331439,0.009714266511596978,0.5875066982683269,0.0
shot_clock_filled,46,0.011670821502814809,0.004019458429881822,0.005031953453527483,False,0.013239035890569514,0.049634586974033244,226,6,0.9999999999612965,0.6902494833261242,0.4893737660436936,0.0006320107161328663,0.00946036562145773,0.6870498482857378,0.0
height_diff,53,0.009528046291836704,0.0032814815974000233,0.004108081460419387,False,0.029489714183558585,0.26225906589845416,101,4,0.12444384268660069,-0.4731624927198602,0.1491376462051397,0.009707946461135016,0.02720196125988409,9.277180110722528,0.18181818181818182
draft_year,24,0.009459090265774428,0.0032577329795173563,0.004078350604420782,False,0.015137980435454437,0.049331178839122344,18,2,0.9999999999779511,-0.7915376676986584,0.6998380219382838,0.005295915367594051,0.00829365143595308,0.7661487433456472,0.0
is_back_to_back,18,0.008976777924038348,0.003091623472370874,0.0038703983833117154,False,0.011808089356813567,0.02361617871362713,2,0,0.9999999999598393,0.9999999999999999,1.0,0.0,2.0566089194445698e-18,0.5414545567754806,0.0
years_in_league,25,0.00894914824631147,0.003082107746247616,0.003858485661296039,False,0.014366993778083098,0.04726724467664476,18,2,0.444804941773084,0.7729618163054695,0.5164170414842822,0.005840066733020314,0.00999082605196758,1.2966393314974503,0.3333333333333333
is_height_advantage,55,0.008227385675643994,0.0028335310159512215,0.0035472928580112715,False,0.008257956925921862,0.016515913851843724,2,0,0.999999999942574,0.9999999999999999,0.9999999999999998,0.0,8.226435677778278e-19,0.452293592291127,0.0
shot_angle_sym_deg,32,0.007707506104649857,0.0026544832665145817,0.003323143272478548,False,0.008359423586304175,0.06538516693505271,248,6,0.6980384091791837,-0.03299459937492363,0.003921461795642255,0.0008538552308159642,0.008343016905848159,1.1908098540486587,0.25
shot_angle_abs_deg,31,0.007492073103461869,0.0025802876332002562,0.0032302578801288984,False,0.008007478908204455,0.05752414146849586,248,6,0.41008541194735804,-0.07645104333692042,0.025713923846389913,0.0008337813540669675,0.00790385658445733,1.541146386620871,0.16666666666666666
loc_x,15,0.007112488527787407,0.00244955781078117,0.0030665974286336714,False,0.009342906122124664,0.040064758146015164,247,6,0.2184188402524309,-0.3473095902833694,0.17562739376271455,0.0011198648467243245,0.008482888545777828,1.928753609338452,0.75
period,1,0.005672208510407043,0.0019535219785260373,0.0024456109791574465,False,0.01585403903391818,0.050587259959252166,7,0,0.6627297808791354,-0.8571428571428573,0.6230465605443349,0.020897991245515474,0.00973383047531417,1.1221372574528325,0.5
is_home,20,0.005480768149074588,0.0018875894669207684,0.002363070175400054,False,0.005198209215353643,0.010396418430707287,2,0,0.9999999999087721,0.9999999999999999,1.0,0.0,0.0,0.3420277443017609,0.0
rest_days,17,0.005403406897472596,0.001860946069553853,0.0023297153496858597,False,0.04305518217023958,0.10766206918148351,6,0,0.9999999999911905,-1.0,0.8328396530321585,0.033976140338277894,0.017603217826325217,0.8433363948412262,0.0
is_defender_height_missing,57,0.0053489049212115565,0.0018421754604862036,0.0023062164548047527,False,0.0187857096863123,0.0375714193726246,2,0,0.9999999999747563,-0.9999999999999999,0.9999999999999998,0.0,4.318878730833596e-18,0.6526054035501152,0.0
is_corner_3,37,0.004567092770594,0.0015729175133377645,0.0019691328698693703,False,0.012696582848866066,0.02539316569773213,2,0,0.9999999999626497,-0.9999999999999999,0.9999999999999996,0.0,4.318878730833596e-18,0.5594050405477842,0.0
is_shot_clock_missing,44,0.004046778215585284,0.0013937199543813889,0.0017447957380431953,False,0.02520894319359586,0.05041788638719172,2,0,0.9999999999811884,-0.9999999999999999,0.9999999999999996,0.0,4.1132178388891395e-18,0.7159812509845823,0.0
n_officials,27,0.0032907380760714517,0.0011333379485932809,0.0014188239296221274,False,,,1,0,,,,,,,
shot_number,0,0.003078108214539854,0.0010601077231826997,0.0013271471298528105,False,0.019297610626542255,0.09958884727700298,27,2,0.5613243117739934,-0.0641025641025641,0.0010675103549608268,0.006119356544495092,0.019287307676596692,1.6194298794246729,0.14285714285714285
player_rolling_made_last_3,42,0.0030408072652338344,0.0010472611883355586,0.0013110645738275118,False,0.00879425886184363,0.01758851772368726,2,0,0.999999999946076,-0.9999999999999999,0.9999999999999998,0.0,1.0283044597222849e-18,0.4679226207582922,0.0
is_shot_clock_zero,45,0.0007685202719258117,0.0002646801928023876,0.00033135270173485857,False,0.3175306458291244,0.6350612916582488,2,0,0.9999999999985065,-0.9999999999999999,0.9999999999999998,0.0,5.730226601802432e-17,0.9694685058410776,0.0
