term_index,term_name,kind,feature,features,importance,importance_share,n_bins,importance_share_main
9,action_type,main,action_type,action_type,0.4503340600895959,0.1550961115850729,49,0.1941645691661345
33,shot_dist_calc,main,shot_dist_calc,shot_dist_calc,0.2376198885431276,0.08183684960667921,254,0.10245141856492498
28,score_margin_at_shot,main,score_margin_at_shot,score_margin_at_shot,0.2327763184780656,0.08016871266156003,77,0.10036308064369015
7,close_def_dist,main,close_def_dist,close_def_dist,0.22417073572731439,0.07720492968165496,163,0.09665272556441701
67,is_home & score_margin_at_shot,interaction,,is_home & score_margin_at_shot,0.21154974301709953,0.07285823004870154,60,
4,touch_time,main,touch_time,touch_time,0.10844010800305975,0.03734702875415146,165,0.046754684392635464
59,period & score_margin_at_shot,interaction,,period & score_margin_at_shot,0.08832992127709781,0.030421033052591813,180,
43,is_catch_and_shoot,main,is_catch_and_shoot,is_catch_and_shoot,0.086632755022052,0.029836524994687787,2,0.03735229698412194
5,shot_distance_log,main,shot_distance_log,shot_distance_log,0.0684067009734078,0.023559429027481378,244,0.029494010779321855
49,action_type_target_enc,main,action_type_target_enc,action_type_target_enc,0.06343499615401212,0.021847162170997938,254,0.027350426694016158
61,touch_time & action_type,interaction,,touch_time & action_type,0.061677565269591714,0.02124189883271326,1470,
56,height_adv_over_dist,main,height_adv_over_dist,height_adv_over_dist,0.05517567269214483,0.01900263170620449,254,0.023789363643936953
64,close_def_dist & shot_distance,interaction,,close_def_dist & shot_distance,0.052161997965313185,0.01796471502803717,870,
23,position,main,position,position,0.05129425857979308,0.01766586353868588,20,0.022115865754991592
62,touch_time & shot_distance,interaction,,touch_time & shot_distance,0.044752035769743494,0.015412706585023557,870,
41,team_rolling_fg_last_10,main,team_rolling_fg_last_10,team_rolling_fg_last_10,0.04155633257972689,0.014312098875153738,29,0.01791729324195899
13,shot_zone_range,main,shot_zone_range,shot_zone_range,0.041396435623075344,0.014257029986458069,5,0.017848352590005976
14,shot_distance,main,shot_distance,shot_distance,0.039144187521093506,0.013481350432322755,32,0.016877280621144585
58,shot_number & score_margin_at_shot,interaction,,shot_number & score_margin_at_shot,0.03897994277318997,0.013424784154073579,630,
60,touch_time & shot_distance_log,interaction,,touch_time & shot_distance_log,0.0321170339426864,0.01106118217921475,900,
3,dribbles,main,dribbles,dribbles,0.031097813982898775,0.010710160423095515,25,0.013408032367786768
38,dist_x_angle,main,dist_x_angle,dist_x_angle,0.03100694245544599,0.010678864054886281,254,0.013368852495463036
52,defender_weight_lb,main,defender_weight_lb,defender_weight_lb,0.028085278521721838,0.009672636110704555,126,0.012109157373075623
63,touch_time & shot_dist_calc,interaction,,touch_time & shot_dist_calc,0.02785698911130226,0.009594012699752515,900,
22,weight_lb,main,weight_lb,weight_lb,0.02785365030729229,0.009592862807783011,98,0.012009289305240632
19,season_game_no,main,season_game_no,season_game_no,0.026782461943596368,0.009223943010885213,45,0.011547439213130312
26,age_at_season,main,age_at_season,age_at_season,0.022028489151138426,0.007586663577602366,189,0.00949773176064165
39,player_prior_attempts,main,player_prior_attempts,player_prior_attempts,0.020900034917546585,0.007198021280155472,254,0.00901119110225692
35,dist_to_sideline,main,dist_to_sideline,dist_to_sideline,0.02080060501875669,0.0071637773886884535,228,0.00896832123037352
12,shot_zone_area,main,shot_zone_area,shot_zone_area,0.020245571477070397,0.006972622528899014,6,0.008729014773134128
40,player_rolling_fg_last_5,main,player_rolling_fg_last_5,player_rolling_fg_last_5,0.020069126871986708,0.0069118545910859175,11,0.008652939490884885
21,height_in,main,height_in,height_in,0.019855654087041742,0.006838334060865278,40,0.008560899258997279
65,rest_days & score_margin_at_shot,interaction,,rest_days & score_margin_at_shot,0.019566579716048783,0.006738776166241476,180,
47,offensive_time_consumed,main,offensive_time_consumed,offensive_time_consumed,0.019379435730802603,0.006674323336685475,235,0.00835557450086155
11,shot_zone_basic,main,shot_zone_basic,shot_zone_basic,0.01840803644809174,0.006339771134449185,6,0.007936749144462076
2,shot_clock,main,shot_clock,shot_clock,0.018299264885668912,0.006302309952011736,235,0.007889851551259479
6,PTS_TYPE,main,PTS_TYPE,PTS_TYPE,0.017153180951510822,0.005907595944142383,2,0.00739570972849848
10,shot_type,main,shot_type,shot_type,0.016550791999698417,0.005700131769504284,2,0.007135985666596911
36,dist_to_baseline,main,dist_to_baseline,dist_to_baseline,0.016403358917341238,0.005649355468488876,209,0.007072418898160561
16,loc_y,main,loc_y,loc_y,0.015891199998465225,0.005472966729836773,209,0.006851598123892744
8,seconds_remaining,main,seconds_remaining,seconds_remaining,0.015295299299726782,0.005267737124848039,254,0.006594671516091129
51,defender_height_in,main,defender_height_in,defender_height_in,0.015144300761692864,0.005215732872494948,46,0.006529567477377649
29,shot_angle_rad,main,shot_angle_rad,shot_angle_rad,0.013645411448730403,0.0046995118607183846,254,0.005883311234576077
30,shot_angle_deg,main,shot_angle_deg,shot_angle_deg,0.013622507567904035,0.0046916237101848205,254,0.0058734360717869255
54,weight_diff,main,weight_diff,weight_diff,0.013520326915662111,0.0046564324527462965,244,0.00582938019398874
34,shot_dist_error,main,shot_dist_error,shot_dist_error,0.013262113403126575,0.004567503110504189,254,0.005718049695459799
50,player_id_target_enc,main,player_id_target_enc,player_id_target_enc,0.011967885557972714,0.004121767990561106,254,0.00516003462569777
48,offensive_time_consumed_filled,main,offensive_time_consumed_filled,offensive_time_consumed_filled,0.01187023900356362,0.004088138287101595,232,0.005117933654779365
46,shot_clock_filled,main,shot_clock_filled,shot_clock_filled,0.011670821502814809,0.004019458429881822,232,0.005031953453527483
53,height_diff,main,height_diff,height_diff,0.009528046291836704,0.0032814815974000233,105,0.004108081460419387
24,draft_year,main,draft_year,draft_year,0.009459090265774428,0.0032577329795173563,20,0.004078350604420782
18,is_back_to_back,main,is_back_to_back,is_back_to_back,0.008976777924038348,0.003091623472370874,2,0.0038703983833117154
25,years_in_league,main,years_in_league,years_in_league,0.00894914824631147,0.003082107746247616,20,0.003858485661296039
55,is_height_advantage,main,is_height_advantage,is_height_advantage,0.008227385675643994,0.0028335310159512215,2,0.0035472928580112715
32,shot_angle_sym_deg,main,shot_angle_sym_deg,shot_angle_sym_deg,0.007707506104649857,0.0026544832665145817,254,0.003323143272478548
31,shot_angle_abs_deg,main,shot_angle_abs_deg,shot_angle_abs_deg,0.007492073103461869,0.0025802876332002562,254,0.0032302578801288984
66,is_back_to_back & score_margin_at_shot,interaction,,is_back_to_back & score_margin_at_shot,0.007246684458648236,0.002495775205625595,60,
15,loc_x,main,loc_x,loc_x,0.007112488527787407,0.00244955781078117,253,0.0030665974286336714
1,period,main,period,period,0.005672208510407043,0.0019535219785260373,7,0.0024456109791574465
20,is_home,main,is_home,is_home,0.005480768149074588,0.0018875894669207684,2,0.002363070175400054
17,rest_days,main,rest_days,rest_days,0.005403406897472596,0.001860946069553853,6,0.0023297153496858597
57,is_defender_height_missing,main,is_defender_height_missing,is_defender_height_missing,0.0053489049212115565,0.0018421754604862036,2,0.0023062164548047527
37,is_corner_3,main,is_corner_3,is_corner_3,0.004567092770594,0.0015729175133377645,2,0.0019691328698693703
44,is_shot_clock_missing,main,is_shot_clock_missing,is_shot_clock_missing,0.004046778215585284,0.0013937199543813889,2,0.0017447957380431953
27,n_officials,main,n_officials,n_officials,0.0032907380760714517,0.0011333379485932809,1,0.0014188239296221274
0,shot_number,main,shot_number,shot_number,0.003078108214539854,0.0010601077231826997,29,0.0013271471298528105
42,player_rolling_made_last_3,main,player_rolling_made_last_3,player_rolling_made_last_3,0.0030408072652338344,0.0010472611883355586,2,0.0013110645738275118
45,is_shot_clock_zero,main,is_shot_clock_zero,is_shot_clock_zero,0.0007685202719258117,0.0002646801928023876,2,0.00033135270173485857
