rank_B,feature,mean_abs_shap_B,rank_A,mean_abs_shap_A,is_matchup,group,rank_change
1,action_type,0.3860097,1.0,0.36615926,False,出手型態,0.0
2,score_margin_at_shot,0.24653728,2.0,0.24032547,False,賽況/時間,0.0
3,close_def_dist,0.19220741,3.0,0.19704287,False,防守壓力,0.0
4,shot_dist_calc,0.15650901,4.0,0.15057316,False,空間/幾何,0.0
5,touch_time,0.11868825,5.0,0.12115129,False,出手型態,0.0
6,is_home,0.08990032,7.0,0.08643046,False,賽程/環境,1.0
7,action_type_target_enc,0.078696646,6.0,0.10778773,False,出手型態,-1.0
8,team_rolling_fg_last_10,0.06498475,9.0,0.059565865,False,球員/球隊狀態,1.0
9,shot_distance_log,0.04992246,10.0,0.04865152,False,空間/幾何,1.0
10,dribbles,0.043997306,11.0,0.04692074,False,出手型態,1.0
11,position,0.042184584,12.0,0.04196872,False,球員/球隊狀態,1.0
12,period,0.038420763,14.0,0.033895843,False,賽況/時間,2.0
13,shot_clock,0.037994962,13.0,0.03957472,False,賽況/時間,0.0
14,season_game_no,0.036856517,8.0,0.06114696,False,賽程/環境,-6.0
15,dist_to_sideline,0.030754507,20.0,0.020374741,False,空間/幾何,5.0
16,height_adv_over_dist,0.02998186,,,True,防守壓力,
17,dist_x_angle,0.028820455,15.0,0.031004446,False,空間/幾何,-2.0
18,age_at_season,0.025417501,17.0,0.023482203,False,球員/球隊狀態,-1.0
19,loc_y,0.024693865,16.0,0.024824202,False,空間/幾何,-3.0
20,player_rolling_fg_last_5,0.024041688,18.0,0.022531092,False,球員/球隊狀態,-2.0
21,shot_distance,0.023201305,24.0,0.014247304,False,空間/幾何,3.0
22,player_prior_attempts,0.022549877,21.0,0.020080887,False,球員/球隊狀態,-1.0
23,weight_lb,0.021223957,22.0,0.019972226,False,球員/球隊狀態,-1.0
24,seconds_remaining,0.019604078,19.0,0.020690938,False,賽況/時間,-5.0
25,defender_height_in,0.018571977,,,True,防守壓力,
26,defender_weight_lb,0.01599967,,,True,防守壓力,
27,is_catch_and_shoot,0.015116832,27.0,0.010936511,False,出手型態,0.0
28,weight_diff,0.013988092,,,True,防守壓力,
29,player_id_target_enc,0.013900633,23.0,0.017924359,False,球員/球隊狀態,-6.0
30,draft_year,0.013753537,25.0,0.014231388,False,球員/球隊狀態,-5.0
31,height_in,0.012306065,32.0,0.00858561,False,球員/球隊狀態,1.0
32,shot_angle_rad,0.01175692,31.0,0.00887861,False,空間/幾何,-1.0
33,shot_dist_error,0.011471852,28.0,0.009513509,False,空間/幾何,-5.0
34,shot_clock_filled,0.011039989,29.0,0.009071224,False,賽況/時間,-5.0
35,offensive_time_consumed,0.008870896,37.0,0.0058825687,False,賽況/時間,2.0
36,shot_zone_range,0.008493131,30.0,0.009020638,False,分區標籤,-6.0
37,dist_to_baseline,0.0073048035,34.0,0.0077203903,False,空間/幾何,-3.0
38,height_diff,0.0072489595,,,True,防守壓力,
39,shot_number,0.0071793688,35.0,0.007199475,False,賽況/時間,-4.0
40,shot_zone_basic,0.0071730805,26.0,0.0115319025,False,分區標籤,-14.0
41,loc_x,0.007067388,36.0,0.006847371,False,空間/幾何,-5.0
42,rest_days,0.00555904,33.0,0.008533106,False,賽程/環境,-9.0
43,shot_angle_abs_deg,0.0051231934,38.0,0.0058025224,False,空間/幾何,-5.0
44,player_rolling_made_last_3,0.003873909,44.0,0.001052631,False,球員/球隊狀態,0.0
45,years_in_league,0.003760431,41.0,0.002573707,False,球員/球隊狀態,-4.0
46,n_officials,0.003089205,42.0,0.0018675997,False,賽程/環境,-4.0
47,is_back_to_back,0.0028572285,45.0,0.001024765,False,賽程/環境,-2.0
48,shot_angle_deg,0.0020700134,40.0,0.002652664,False,空間/幾何,-8.0
49,shot_angle_sym_deg,0.0019501256,43.0,0.0010754393,False,空間/幾何,-6.0
50,shot_zone_area,0.0018973252,39.0,0.0033581688,False,分區標籤,-11.0
51,is_height_advantage,0.0003424923,,,True,防守壓力,
52,offensive_time_consumed_filled,6.048133e-05,46.0,0.00041605262,False,賽況/時間,-6.0
53,shot_type,0.0,51.0,0.0,False,出手型態,-2.0
54,PTS_TYPE,0.0,47.0,0.000132291,False,分區標籤,-7.0
55,is_corner_3,0.0,48.0,0.0,False,空間/幾何,-7.0
56,is_shot_clock_zero,0.0,50.0,0.0,False,賽況/時間,-6.0
57,is_shot_clock_missing,0.0,49.0,0.0,False,賽況/時間,-8.0
58,is_defender_height_missing,0.0,,,True,防守壓力,
